Brand*,Store id,Name,Lat*,Lng*,Address1,Address2,City,State,Zip code,Country,Phone number,Fax number,Store hours,Time zone,Dma Code,Status*
Cafe Deia,"",Cafe Deia,42.404747,-71.1075745,394 Main St,"",Medford,MA,02155,US,7812194929,"","",EST,"",Active
Tom Yum Koong,"",Tom Yum Koong,42.4187316894531,-71.1090774536133,11 Forest St,"",Medford,MA,02155,US,7813930888,"","",EST,"",Active
Chilli Garden,"",Chilli Garden,42.4178440868855,-71.108462959528,41 Riverside Ave,"",Medford,MA,02155,US,7813968488,"","",EST,"",Active
Lantana Cafe,"",Lantana Cafe,42.4223251342773,-71.0922622680664,417 Salem St,"",Medford,MA,02155,US,7813931930,"","",EST,"",Active
Five Guys Burgers and Fries,"",Five Guys Burgers and Fries,42.403578328336,-71.080873342078,65 Station Landing,"",Medford,MA,02155,US,7818741250,"","",EST,"",Active
Yoki Japanese Restaurant & Bar,"",Yoki Japanese Restaurant & Bar,42.403400367654,-71.0806739330292,62 Station Landing,"",Medford,MA,02155,US,6173816688,"","",EST,"",Active
Sei Bar,"",Sei Bar,42.413168,-71.1106377,182 Main St,"",Medford,MA,02155,US,7813914363,"","",EST,"",Active
Bocelli,"",Bocelli,42.4053891,-71.1078459,374 Main St,"",Medford,MA,02155,US,7813967070,"","",EST,"",Active
Pastalina's Restaurant & Catering,"",Pastalina's Restaurant & Catering,42.4234190583229,-71.0908535867929,454 Salem St,"",Medford,MA,02155,US,7813913780,"","",EST,"",Active
Tamper,"",Tamper,42.411541,-71.1214905,340 Boston Ave,"",Medford,MA,02155,US,,"","",EST,"",Active
Nijiya Sushi,"",Nijiya Sushi,42.4185657,-71.1103451,9 High St,"",Medford,MA,02155,US,7818742630,"","",EST,"",Active
Dempsey's Breakfast and Lunch,"",Dempsey's Breakfast and Lunch,42.4234208749173,-71.0910787711558,64 Lambert St,"",Medford,MA,02155,US,7813967723,"","",EST,"",Active
Ronny's Place,"",Ronny's Place,42.4225875735283,-71.0920069366693,433 Salem St,"",Medford,MA,02155,US,7813956789,"","",EST,"",Active
Not Your Average Joe's,"",Not Your Average Joe's,42.4035851,-71.081848,501 Fellsway,"",Medford,MA,02155,US,7813939681,"","",EST,"",Active
Chipotle Mexican Grill,"",Chipotle Mexican Grill,42.4060516357422,-71.082763671875,616 Fellsway,"",Medford,MA,02155,US,7813936871,"","",EST,"",Active
Raso's Grille & Pizzaria,"",Raso's Grille & Pizzaria,42.4077281355858,-71.1035739630461,209 Mystic Ave,"",Medford,MA,02155,US,7813962001,"","",EST,"",Active
Regina Pizza,"",Regina Pizza,42.4037705361843,-71.0805800557137,44 Station Landing,"",Medford,MA,02155,US,7813061222,"","",EST,"",Active
Kabab Corner,"",Kabab Corner,42.4056663513184,-71.0837326049805,4110 Mystic Valley Pkwy,"",Medford,MA,02155,US,7813953310,"","",EST,"",Active
Chung Ki Wa,"",Chung Ki Wa,42.4175786,-71.1079067,27 Riverside Ave,"",Medford,MA,02155,US,7813915606,"","",EST,"",Active
Caffe del Mare,"",Caffe del Mare,42.4101139605045,-71.0796325653791,219 Middlesex Ave,"",Medford,MA,02155,US,7812193631,"","",EST,"",Active
Starbucks,"",Starbucks,42.4044609,-71.0810013,Station Landing,"",Medford,MA,02155,US,7813950660,"","",EST,"",Active
Wellington's Pizzeria,"",Wellington's Pizzeria,42.4180946350098,-71.1085510253906,22 Riverside Ave,"",Medford,MA,02155,US,7813910099,"","",EST,"",Active
Pinky's Famous Pizza,"",Pinky's Famous Pizza,42.4139638,-71.1107199,165 Main St,"",Medford,MA,02155,US,7813917465,"","",EST,"",Active
Alexander's Convenient Food Stores,"",Alexander's Convenient Food Stores,42.4092415720224,-71.1097329854965,277 Main St,"",Medford,MA,02155,US,7813918181,"","",EST,"",Active
Kelly's Roast Beef,"",Kelly's Roast Beef,42.4038541248874,-71.0791479627917,35 Revere Beach Pkwy Rt 16 E,"",Medford,MA,02155,US,7813934899,"","",EST,"",Active
Salvatore's Restaurant,"",Salvatore's Restaurant,42.4187248,-71.1115534,55 High St,"",Medford,MA,02155,US,7813939333,"","",EST,"",Active
Lighthouse Cafe,"",Lighthouse Cafe,42.4184080213308,-71.1104618757963,20 High St,"",Medford,MA,02155,US,7813910009,"","",EST,"",Active
Iris Restaurant,"",Iris Restaurant,42.42291,-71.09177,432 Salem St,"",Medford,MA,02155,US,7813504370,"","",EST,"",Active
Carroll's,"",Carroll's,42.418013813163,-71.110138552827,21 Main St,"",Medford,MA,02155,US,7813953344,"","",EST,"",Active
Medford Square Diner,"",Medford Square Diner,42.418014840758,-71.108532260834,38 Riverside Ave,"",Medford,MA,02155,US,7813957000,"","",EST,"",Active
Emiliano'Z Mexican Grill,"",Emiliano'Z Mexican Grill,42.4175682,-71.1314392,123-125 Boston Ave,"",Medford,MA,02155,US,7816468226,"","",EST,"",Active
Espresso Pizza,"",Espresso Pizza,42.4115318,-71.1214894,336 Boston Ave,"",Medford,MA,02155,US,7813960062,"","",EST,"",Active
Dim Sum Cafe,"",Dim Sum Cafe,42.43293620646,-71.1011935025454,679 Fellsway W,"",Medford,MA,02155,US,7813962888,"","",EST,"",Active
Toni's By George,"",Toni's By George,42.4044310301542,-71.1076878011227,399 Main St,"",Medford,MA,02155,US,7813959396,"","",EST,"",Active
Rosa's Roast Beef & Subs,"",Rosa's Roast Beef & Subs,42.4187508,-71.1111221,51 High St,"",Medford,MA,02155,US,7813912574,"","",EST,"",Active
Avellino's,"",Avellino's,42.4038505554199,-71.1006851196289,313 Mystic Ave,"",Medford,MA,02155,US,7813951721,"","",EST,"",Active
Krank It Up,"",Krank It Up,42.4086990952492,-71.1044912785292,185 Mystic Ave,"",Medford,MA,02155,US,7813935442,"","",EST,"",Active
Dynamic Computers,"",Dynamic Computers,42.4211998,-71.1317022,457 High St,"",Medford,MA,02155,US,7813334119,"","",EST,"",Active
Nick's House of Pizza,"",Nick's House of Pizza,42.4104981869459,-71.1199857294559,372 Boston Ave,"",Medford,MA,02155,US,7813966630,"","",EST,"",Active
Caffe Toscana,"",Caffe Toscana,42.4051499,-71.0826719,4110 Mystic Valley Pkwy,"",Medford,MA,02155,US,7813918255,"","",EST,"",Active
Tiki Island,"",Tiki Island,42.411827,-71.078102,269 Middlesex Ave,"",Medford,MA,02155,US,7813910477,"","",EST,"",Active
Foreign & Domestic Auto Service,"",Foreign & Domestic Auto Service,42.4109011888504,-71.1206462234259,364 Boston Ave,"",Medford,MA,02155,US,7813910808,"","",EST,"",Active
Alfredo's Italian Kitchen,"",Alfredo's Italian Kitchen,42.4238191,-71.0904167,462 Salem St,"",Medford,MA,02155,US,7813951799,"","",EST,"",Active
May's Cafe Chinese Food,"",May's Cafe Chinese Food,42.4056435,-71.1083298,367 Main Street,"",Medford,MA,02155,US,7813968750,"","",EST,"",Active
Smooth Automotive,"",Smooth Automotive,42.420504167676,-71.1337045580149,30 Harvard Ave,"",Medford,MA,02155,US,7816484538,"","",EST,"",Active
Helen's Roast Beef & Pizzeria,"",Helen's Roast Beef & Pizzeria,42.4118433147669,-71.1223152279854,321 Boston Ave,"",Medford,MA,02155,US,7813959097,"","",EST,"",Active
AICA Plumbing/HVAC Systems,"",AICA Plumbing/HVAC Systems,42.4089016020298,-71.0807590931654,583 Riverside Ave,"",Medford,MA,02155,US,6178406692,"","",EST,"",Active
Rose's Restaurant,"",Rose's Restaurant,42.4118433147669,-71.1223152279854,321 Boston Ave,"",Medford,MA,02155,US,7813958885,"","",EST,"",Active
Mei-Ling Restaurant,"",Mei-Ling Restaurant,42.4227726459503,-71.0918547213078,434A Salem St,"",Medford,MA,02155,US,7813915411,"","",EST,"",Active
JRA Cycles,"",JRA Cycles,42.4201165884733,-71.1004230380058,229 Salem St,"",Medford,MA,02155,US,7813913636,"","",EST,"",Active
Serenity In the City Salon and Spa,"",Serenity In the City Salon and Spa,42.41278,-71.079061,269 Middlesex Ave,"",Medford,MA,02155,US,7813954488,"","",EST,"",Active
Crystal View,"",Crystal View,42.4172866,-71.0999256,69 Washington St,"",Medford,MA,02155,US,8572888933,"","",EST,"",Active
Bella Ravioli,"",Bella Ravioli,42.4054298,-71.1083221,369 Main St,"",Medford,MA,02155,US,7813960875,"","",EST,"",Active
SIR Locksalot,"",SIR Locksalot,42.4226680397987,-71.1017252504826,71 Fulton St,"",Medford,MA,02155,US,7813915801,"","",EST,"",Active
Atlas Liquors,"",Atlas Liquors,42.4098701,-71.1050034,156 Mystic Ave,"",Medford,MA,02155,US,7813954400,"","",EST,"",Active
Small Haul,"",Small Haul,42.4230613708496,-71.1078262329102,"Medford, MA 02155","",Medford,MA,02155,US,8886974285,"","",EST,"",Active
Modern Hardware & Paint Company,"",Modern Hardware & Paint Company,42.4229979515076,-71.0914993286133,440 Salem Street,"",Medford,MA,02155,US,7813950731,"","",EST,"",Active
Earth Stone and Water,"",Earth Stone and Water,42.4216702580452,-71.1279176920652,375 High St,"",Medford,MA,02155,US,7818749722,"","",EST,"",Active
Nick's Auto Service and Repair,"",Nick's Auto Service and Repair,42.4079129,-71.1090819,307 Main St,"",Medford,MA,02155,US,7812193785,"","",EST,"",Active
Qdoba Mexican Grill,"",Qdoba Mexican Grill,42.403828,-71.081847,523 Fellsway,"",Medford,MA,02155,US,3396749010,"","",EST,"",Active
Zubeda's Spa,"",Zubeda's Spa,42.4233198165894,-71.0910111665726,452 Salem St,"",Medford,MA,02155,US,7818749787,"","",EST,"",Active
Elegant Nails & Spa,"",Elegant Nails & Spa,42.4080276,-71.1040039,199 Mystic Ave,"",Medford,MA,02155,US,7818740226,"","",EST,"",Active
Nancy's Family Salon,"",Nancy's Family Salon,42.4225453287363,-71.0920974612236,429 Salem St,"",Medford,MA,02155,US,7812194644,"","",EST,"",Active
Modern Pastry,"",Modern Pastry,42.4185486,-71.1087646,20 Salem St,"",Medford,MA,02155,US,7813963618,"","",EST,"",Active
Colleen's,"",Colleen's,42.4186782538891,-71.1112041771412,61 High St,"",Medford,MA,02155,US,7813959575,"","",EST,"",Active
Barrett Tree Service East,"",Barrett Tree Service East,42.415328,-71.1097387,60 Union St,"",Medford,MA,02155,US,6176165281,"","",EST,"",Active
James Joseph Studio,"",James Joseph Studio,42.4032102312797,-71.0808992385864,16 Earhart Landing,"",Medford,MA,02155,US,7813936800,"","",EST,"",Active
Margaritas Mexican Restaurant,"",Margaritas Mexican Restaurant,42.403175,-71.081622,75 Station Lndg,"",Medford,MA,02155,US,3392215410,"","",EST,"",Active
Deb Agliano-Re/Max Andrew Realty Services,"",Deb Agliano-Re/Max Andrew Realty Services,42.4183121,-71.1104507,12 High Street,"",Medford,MA,02155,US,,"","",EST,"",Active
Jimmy's Pizza & Subs,"",Jimmy's Pizza & Subs,42.421450316906,-71.1341578513384,509A High St,"",Medford,MA,02155,US,7814888020,"","",EST,"",Active
Hillside Hardware and Paint Co,"",Hillside Hardware and Paint Co,42.411499,-71.1220474,325 Boston Ave,"",Medford,MA,02155,US,7813950712,"","",EST,"",Active
Ebisuya Japanese Market,"",Ebisuya Japanese Market,42.4173813,-71.1073456,65 Riverside Ave,"",Medford,MA,02155,US,7813910012,"","",EST,"",Active
Lisa's Family Pizzeria,"",Lisa's Family Pizzeria,42.4129333,-71.1240997,283 Boston Ave,"",Medford,MA,02155,US,7818742450,"","",EST,"",Active
Volsar Automotive,"",Volsar Automotive,42.4145317,-71.1095276,16 Mystic Ave,"",Medford,MA,02155,US,7813914848,"","",EST,"",Active
Libbey's Auto Repair,"",Libbey's Auto Repair,42.4103508,-71.105751,134 Mystic Avenue,"",Medford,MA,02155,US,7813969131,"","",EST,"",Active
Boston Market,"",Boston Market,42.407093,-71.0828018,616 Fellsway,"",Medford,MA,02155,US,7813930413,"","",EST,"",Active
Sea Spa,"",Sea Spa,42.4186086633619,-71.1082885264588,40 Salem St,"",Medford,MA,02155,US,7813953388,"","",EST,"",Active
Pasquale Bros Auto Body,"",Pasquale Bros Auto Body,42.4109011888504,-71.1206462234259,364 Boston Ave,"",Medford,MA,02155,US,7813913663,"","",EST,"",Active
Asian Taste,"",Asian Taste,42.4097404,-71.0795364,207 Middlesex Ave,"",Medford,MA,02155,US,7813939398,"","",EST,"",Active
Kappy's Fine Wine & Spirits,"",Kappy's Fine Wine & Spirits,42.4049035,-71.0807533,10 Revere Beach Pkwy,"",Medford,MA,02155,US,7813958888,"","",EST,"",Active
Roland's Fine Jewelry & Repair,"",Roland's Fine Jewelry & Repair,42.4186869710684,-71.1116722226143,70 High St,"",Medford,MA,02155,US,7813919889,"","",EST,"",Active
Wicked Smart Movers,"",Wicked Smart Movers,42.424991607666,-71.1108169555664,"Medford, MA 02155","",Medford,MA,02155,US,6177970296,"","",EST,"",Active
amanda's four legged friends,"",amanda's four legged friends,42.424991607666,-71.1108169555664,"Medford, MA 02155","",Medford,MA,02155,US,6172166760,"","",EST,"",Active
The Good Taxi,"",The Good Taxi,42.4113390594721,-71.0907489806414,20 Sycamore Ave,"",Medford,MA,02155,US,6178556500,"","",EST,"",Active
Capelo's Floral Design,"",Capelo's Floral Design,42.4078636169434,-71.1088180541992,310 Main St,"",Medford,MA,02155,US,7813965799,"","",EST,"",Active
Rossetti Optique,"",Rossetti Optique,42.4184635,-71.1101552,21 High St,"",Medford,MA,02155,US,7813935700,"","",EST,"",Active
Le Grand Chic,"",Le Grand Chic,42.422554,-71.0916748,256B Spring St,"",Medford,MA,02155,US,7813959622,"","",EST,"",Active
Sako Auto Body,"",Sako Auto Body,42.4003105,-71.1116333,646 Boston Ave,"",Medford,MA,02155,US,7813060757,"","",EST,"",Active
Princess Nails,"",Princess Nails,42.4180097132921,-71.1087090522051,28 Riverside Ave,"",Medford,MA,02155,US,7813952261,"","",EST,"",Active
Harrows Chicken Pies,"",Harrows Chicken Pies,42.4054604,-71.1017609,275 Mystic Ave,"",Medford,MA,02155,US,7813060410,"","",EST,"",Active
Pranzi's,"",Pranzi's,42.4112119,-71.1212279,352 Boston Ave,"",Medford,MA,02155,US,7813955005,"","",EST,"",Active
Borges Sewer and Drain Cleaning Co,"",Borges Sewer and Drain Cleaning Co,42.420397,-71.1025884,30 Fountain St,"",Medford,MA,02155,US,6172934902,"","",EST,"",Active
Hillside Wine & Spirits,"",Hillside Wine & Spirits,42.4115906,-71.1222229,323 Boston Ave,"",Medford,MA,02155,US,7813963265,"","",EST,"",Active
Super Suds,"",Super Suds,42.4082478,-71.1039651,199 Mystic Ave,"",Medford,MA,02155,US,7812193469,"","",EST,"",Active
Bliss Nails,"",Bliss Nails,42.4036303907633,-71.0806189477444,54 Station Landing,"",Medford,MA,02155,US,7813060700,"","",EST,"",Active
Italo's Bakery,"",Italo's Bakery,42.4004096984863,-71.1045989990234,509 Main St,"",Medford,MA,02155,US,7813958511,"","",EST,"",Active
JP O'Brien Electric,"",JP O'Brien Electric,42.4290912598372,-71.1056533455849,39 Sherwood Rd.,"",Medford,MA,02155,US,7818444606,"","",EST,"",Active
Depot Square Grille,"",Depot Square Grille,42.4211130291224,-71.1322420835495,478 High St,"",Medford,MA,02155,US,7813917130,"","",EST,"",Active
Bonney Automotive,"",Bonney Automotive,42.4009622633457,-71.1123340576887,640 Boston Ave,"",Medford,MA,02155,US,6176233333,"","",EST,"",Active
Roberto's Fruit,"",Roberto's Fruit,42.4071388,-71.1024017,240 Mystic Ave,"",Medford,MA,02155,US,7813959683,"","",EST,"",Active
Grace Cleaners,"",Grace Cleaners,42.4178916960955,-71.1086305975914,33 Riverside Ave,"",Medford,MA,02155,US,7813953524,"","",EST,"",Active
Vape Depot,"",Vape Depot,42.4197495615118,-71.1010381281724,215B Salem St,"",Medford,MA,02155,US,7813911100,"","",EST,"",Active
Starbucks,"",Starbucks,42.4170417785645,-71.1261978149414,2151 Mystic Valley Pkwy,"",Medford,MA,02155,US,7813963630,"","",EST,"",Active
Arthur's Pastry Shop,"",Arthur's Pastry Shop,42.4049454,-71.1076584,382 Main St,"",Medford,MA,02155,US,7813954812,"","",EST,"",Active
Xtreme Ninja Martial Arts,"",Xtreme Ninja Martial Arts,42.4176633,-71.1082193,45 Riverside Ave,"",Medford,MA,02155,US,7813957131,"","",EST,"",Active
Eddy's Place,"",Eddy's Place,42.4211043119431,-71.0980352014303,301 Salem St,"",Medford,MA,02155,US,7813939955,"","",EST,"",Active
Hair's Karen,"",Hair's Karen,42.4210111,-71.1311318,438 High St,"",Medford,MA,02155,US,7813958423,"","",EST,"",Active
Domino's Pizza,"",Domino's Pizza,42.4081090092659,-71.1039434373379,199 Mystic Ave,"",Medford,MA,02155,US,7813950080,"","",EST,"",Active
Secure Movers,"",Secure Movers,42.41925,-71.11313,"Medford, MA 02155","",Medford,MA,02155,US,8575442508,"","",EST,"",Active
Valvoline Instant Oil Change,"",Valvoline Instant Oil Change,42.4199142,-71.1013336,212 Salem St,"",Medford,MA,02155,US,7813910404,"","",EST,"",Active
CB Scoops,"",CB Scoops,42.4211452156305,-71.1317324638367,453 High St,"",Medford,MA,02155,US,7813935959,"","",EST,"",Active
Boston Tattoo Company,"",Boston Tattoo Company,42.404728,-71.0816448,567 Fellsway,"",Medford,MA,02155,US,7813938282,"","",EST,"",Active
York Kia of Medford,"",York Kia of Medford,42.4129705131054,-71.1083181202412,60 Mystic Ave,"",Medford,MA,02155,US,7813956800,"","",EST,"",Active
European Wax Center,"",European Wax Center,42.4074416,-71.0828593,670 Fellsway,"",Medford,MA,02155,US,7813966500,"","",EST,"",Active
Medford Eyeglass Shop,"",Medford Eyeglass Shop,42.4225006,-71.0917511,427 Salem St,"",Medford,MA,02155,US,7813914069,"","",EST,"",Active
Shanghai Moon,"",Shanghai Moon,42.4229093066013,-71.0916947945952,442 Salem St,"",Medford,MA,02155,US,7813968881,"","",EST,"",Active
Dino's Pizzeria,"",Dino's Pizzeria,42.423346,-71.0913461,62 Lambert St,"",Medford,MA,02155,US,7813911520,"","",EST,"",Active
Hogan & Van Auto Body,"",Hogan & Van Auto Body,42.4084509909153,-71.1041063815355,190 Mystic Avenue,"",Medford,MA,02155,US,7813968282,"","",EST,"",Active
Armory Dental Implant & Oral Surgery,"",Armory Dental Implant & Oral Surgery,42.4189028888941,-71.1125835031271,92 High St,"",Medford,MA,02155,US,7813060001,"","",EST,"",Active
Giles Wine & Spirits,"",Giles Wine & Spirits,42.4206382781267,-71.1410994082689,630 High St,"",Medford,MA,02155,US,7814884360,"","",EST,"",Active
Grapevine Travelers,"",Grapevine Travelers,42.4183235,-71.1105042,18 High St,"",Medford,MA,02155,US,7813968463,"","",EST,"",Active
Wellington Bridge,"",Wellington Bridge,42.3997876780094,-71.0837209224701,Fellsway,"",Medford,MA,,US,,"","",EST,"",Active
Totally Tanned,"",Totally Tanned,42.4002686,-71.1035995,522 Main St,"",Medford,MA,02155,US,7813969666,"","",EST,"",Active
CorePower Yoga,"",CorePower Yoga,42.4042517504418,-71.0992614901245,312 Mystic Ave,"",Medford,MA,02155,US,7813951960,"","",EST,"",Active
Bertucci's,"",Bertucci's,42.4045792,-71.0863424,4054 Mystic Valley Pkwy,"",Medford,MA,02155,US,7813969933,"","",EST,"",Active
Medford Chiropractic Center,"",Medford Chiropractic Center,42.4078032374382,-71.1089665442705,314 Main St,"",Medford,MA,02155,US,7813961070,"","",EST,"",Active
Pizza Days,"",Pizza Days,42.4109011888504,-71.1206462234259,364 Boston Ave,"",Medford,MA,02155,US,7813967992,"","",EST,"",Active
Mandy's Beauty,"",Mandy's Beauty,42.4185139685869,-71.1084368079901,40 Salem St,"",Medford,MA,02155,US,6173203382,"","",EST,"",Active
Dunkin' Donuts,"",Dunkin' Donuts,42.4227143079042,-71.0919626802206,430 Salem St,"",Medford,MA,02155,US,7813959302,"","",EST,"",Active
Hyatt Place Boston Medford,"",Hyatt Place Boston Medford,42.4170113,-71.1051636,116 Riverside Ave Ne,"",Medford,MA,02155,US,7813958500,"","",EST,"",Active
Whole Foods Market,"",Whole Foods Market,42.417186574285,-71.126549256397,2151 Mystic Valley Pkwy,"",Medford,MA,02155,US,7813954998,"","",EST,"",Active
Nourish Your Soul,"",Nourish Your Soul,42.4218035,-71.132862,17 Playstead Rd,"",Medford,MA,02155,US,8889958423,"","",EST,"",Active
Mallett Automotive,"",Mallett Automotive,42.4210892,-71.1334915,492 High Street,"",Medford,MA,02155,US,3393686711,"","",EST,"",Active
Annie's Pizzeria,"",Annie's Pizzeria,42.4098396,-71.0795975,213 Middlesex Ave,"",Medford,MA,02155,US,7812193719,"","",EST,"",Active
Nail Essence,"",Nail Essence,42.4098396,-71.0795975,213 Middlesex Ave,"",Medford,MA,02155,US,7813240808,"","",EST,"",Active
Old Country Buffet,"",Old Country Buffet,42.4067098,-71.0923788,3850 Mystic Valley Pkwy,"",Medford,MA,02155,US,7813961777,"","",EST,"",Active
Roshankish Krav Maga,"",Roshankish Krav Maga,42.404541015625,-71.1080017089844,393 Main St,"",Medford,MA,02155,US,7813938811,"","",EST,"",Active
Carlino Guitars,"",Carlino Guitars,42.404789,-71.1075897,392 Main Street,"",Medford,MA,02155,US,7813914600,"","",EST,"",Active
Natural Nail Design,"",Natural Nail Design,42.4175148,-71.1077271,39 Riverside Avenue,"",Medford,MA,02155,US,7813930616,"","",EST,"",Active
Dunkin' Donuts,"",Dunkin' Donuts,42.407177,-71.0828705,620 Fellsway,"",Medford,MA,02155,US,7813959727,"","",EST,"",Active
Panda Express,"",Panda Express,42.41982,-71.10876,Meadow Glen Mall,"",Medford,MA,02155,US,7813960022,"","",EST,"",Active
Titan Gas,"",Titan Gas,42.4026440083981,-71.113608777523,590 Boston Ave,"",Medford,MA,02155,US,7813963319,"","",EST,"",Active
A Different Concept Day Spa,"",A Different Concept Day Spa,42.4182846397161,-71.0871051996946,244 Central Avenue,"",Medford,MA,02155,US,7813960007,"","",EST,"",Active
The Corner Studio,"",The Corner Studio,42.4049956351519,-71.1079312115908,379 Main St,"",Medford,MA,02155,US,7813951025,"","",EST,"",Active
Papa Gino's Pizzeria,"",Papa Gino's Pizzeria,42.4179382,-71.1091461,23 Riverside Ave,"",Medford,MA,02155,US,7813956960,"","",EST,"",Active
Precision Physical Therapy & Sports Medicine,"",Precision Physical Therapy & Sports Medicine,42.4184799,-71.1100388,5 High St,"",Medford,MA,02155,US,7813957333,"","",EST,"",Active
Lucky Lucy's Pets,"",Lucky Lucy's Pets,42.424991607666,-71.1108169555664,"Medford, MA 02155","",Medford,MA,02155,US,3396740798,"","",EST,"",Active
Elements Massage,"",Elements Massage,42.4185267090797,-71.1109453439713,40 High St,"",Medford,MA,02155,US,7813914900,"","",EST,"",Active
Kim's Nails,"",Kim's Nails,42.4225995,-71.0920392,425 Salem St,"",Medford,MA,02155,US,7813938128,"","",EST,"",Active
Staley's Hair Color & Design,"",Staley's Hair Color & Design,42.4019211530685,-71.1059812456369,474 Main Street,"",Medford,MA,02155,US,7813955959,"","",EST,"",Active
Amici's,"",Amici's,42.4212189,-71.1315765,451 High Street,"",Medford,MA,02155,US,7813955444,"","",EST,"",Active
The Men's Room,"",The Men's Room,42.41856,-71.1089783,Medford Square,"",Medford,MA,02155,US,7813930010,"","",EST,"",Active
Riverside Sheet Metal & Contracting,"",Riverside Sheet Metal & Contracting,42.4128994,-71.1067206,15 Reardon Rd,"",Medford,MA,02155,US,7813960070,"","",EST,"",Active
Hk Tailoring,"",Hk Tailoring,42.4215546,-71.1342621,507 High St,"",Medford,MA,02155,US,7814833340,"","",EST,"",Active
The Clothesline Laundromat,"",The Clothesline Laundromat,42.4117813,-71.1223907,317A Boston Ave,"",Medford,MA,02155,US,7813934505,"","",EST,"",Active
Anthony Morelli Electric,"",Anthony Morelli Electric,42.4295318126678,-71.1326772719622,205 Playstead Rd,"",Medford,MA,02155,US,7813957136,"","",EST,"",Active
Crossfit H2o,"",Crossfit H2o,42.412262,-71.1079254,83 Mystic Ave,"",Medford,MA,02155,US,7818749925,"","",EST,"",Active
City Nails Spa,"",City Nails Spa,42.4056778,-71.108345,365 Main St,"",Medford,MA,02155,US,3392215234,"","",EST,"",Active
Adam's Barbershop,"",Adam's Barbershop,42.4219279771578,-71.0941986367106,381 Salem St,"",Medford,MA,02155,US,7813910063,"","",EST,"",Active
"Isabelle Jaillet, DMD","","Isabelle Jaillet, DMD",42.4203908443451,-71.1330809444189,12 Bower St,"",Medford,MA,02155,US,7816480200,"","",EST,"",Active
MG Fitness Center,"",MG Fitness Center,42.4235537,-71.0902939,465 Salem St,"",Medford,MA,02155,US,7813911280,"","",EST,"",Active
Dunkin' Donuts,"",Dunkin' Donuts,42.410758065014,-71.120381756411,364 Boston Ave,"",Medford,MA,02155,US,7813956857,"","",EST,"",Active
Pasta Pisa,"",Pasta Pisa,42.4129012,-71.1240541,285 Boston Ave,"",Medford,MA,02155,US,7813912030,"","",EST,"",Active
LB Music School,"",LB Music School,42.4182502,-71.0871565,243 Central Ave,"",Medford,MA,02155,US,7818741813,"","",EST,"",Active
Mystic Driving School,"",Mystic Driving School,42.4184080213308,-71.1104618757963,10 High St,"",Medford,MA,02155,US,7813967000,"","",EST,"",Active
Rootdown Hydroponics Indoor Garden Center,"",Rootdown Hydroponics Indoor Garden Center,42.4072189,-71.1024704,236 Mystic Ave,"",Medford,MA,02155,US,7818741693,"","",EST,"",Active
Borealis Community Yoga,"",Borealis Community Yoga,42.418594,-71.1084606,34 Salem St,"",Medford,MA,02155,US,7813504299,"","",EST,"",Active
Walk-Ur-dog,"",Walk-Ur-dog,42.4180760979652,-71.0988982021809,99 Park St,"",Medford,MA,02155,US,7813963647,"","",EST,"",Active
Rocco's Shoe Repair,"",Rocco's Shoe Repair,42.4209071695805,-71.1333109438419,16 Harvard Ave,"",Medford,MA,02155,US,7814882243,"","",EST,"",Active
Bellagio Nails & Spa,"",Bellagio Nails & Spa,42.4126167,-71.0790253,295 Middlesex Ave,"",Medford,MA,02155,US,7813968800,"","",EST,"",Active
Richie's Service Center,"",Richie's Service Center,42.4034194946289,-71.1017913818359,100 Hicks Ave,"",Medford,MA,02155,US,7813930304,"","",EST,"",Active
Happy Tails Pet Services,"",Happy Tails Pet Services,42.424991607666,-71.1108169555664,"Medford, MA 02155","",Medford,MA,02155,US,7813964348,"","",EST,"",Active
Medford Self Storage,"",Medford Self Storage,42.4151813238859,-71.0843988507986,970 Fellsway (Rt 28),"",Medford,MA,02155,US,7813910117,"","",EST,"",Active
Jack's Gas & Service,"",Jack's Gas & Service,42.4143906,-71.1108627,151 Main  St,"",Medford,MA,02155,US,7813961580,"","",EST,"",Active
Superior Auto Body,"",Superior Auto Body,42.4107819,-71.0890198,435 Riverside Ave,"",Medford,MA,02155,US,7813912332,"","",EST,"",Active
ALDI,"",ALDI,42.4076157,-71.0832138,630 Fellsway,"",Medford,MA,02155,US,,"","",EST,"",Active
Medford House Of Pizza,"",Medford House Of Pizza,42.423699349165,-71.0904358327389,462 Salem St,"",Medford,MA,02155,US,6173951799,"","",EST,"",Active
Off Broadway,"",Off Broadway,42.4067454,-71.0823776,630 Fellsway,"",Medford,MA,02155,US,7813910021,"","",EST,"",Active
Cedar Appliance Company,"",Cedar Appliance Company,42.4022611230612,-71.106404364109,454 Main St,"",Medford,MA,02155,US,7813961675,"","",EST,"",Active
New Hong Kong Village Restaurant,"",New Hong Kong Village Restaurant,42.4212303,-71.1316986,455 High St,"",Medford,MA,02155,US,7813916638,"","",EST,"",Active
Dunkin' Donuts,"",Dunkin' Donuts,42.4142684936523,-71.1104049682617,154 Main St,"",Medford,MA,02155,US,7813959847,"","",EST,"",Active
Vip Men's Hair Styling,"",Vip Men's Hair Styling,42.4186869710684,-71.1116722226143,72 High St,"",Medford,MA,02155,US,7813957791,"","",EST,"",Active
Jim's Market,"",Jim's Market,42.4353005737066,-71.0964003950357,463 Fulton Street,"",Medford,MA,02155,US,7813955704,"","",EST,"",Active
Robert Castagna Photography,"",Robert Castagna Photography,42.4281502,-71.1347504,160 Playstead Rd,"",Medford,MA,02155,US,6178339271,"","",EST,"",Active
Elizabeth Grady School of Esthetics and Massage Therapy,"",Elizabeth Grady School of Esthetics and Massage Therapy,42.4149513244629,-71.1267797648907,222 Boston Avenue,"",Medford,MA,02155,US,7813919380,"","",EST,"",Active
Al & Sons Service Station,"",Al & Sons Service Station,42.4205450713634,-71.1418001353741,638 High Street,"",Medford,MA,02155,US,7814830800,"","",EST,"",Active
Loxx by Justine,"",Loxx by Justine,42.3993529379368,-71.1027458310127,545 Main St,"",Medford,MA,02155,US,7818740573,"","",EST,"",Active
Wendy's,"",Wendy's,42.4135371297598,-71.0793931782246,330 Middlesex Ave,"",Medford,MA,02155,US,6172033014,"","",EST,"",Active
Children's Dental Associates,"",Children's Dental Associates,42.418702,-71.1122255,80 High St,"",Medford,MA,02155,US,7813918300,"","",EST,"",Active
IT4,"",IT4,42.4111214,-71.1073532,101 Mystic Ave,"",Medford,MA,02155,US,8884848721,"","",EST,"",Active
Array Company,"",Array Company,42.4102592,-71.0925064,17 Locust St,"",Medford,MA,02155,US,7813959850,"","",EST,"",Active
Automotive Services of Boston,"",Automotive Services of Boston,42.4065679,-71.1025985,243 Mystic Ave,"",Medford,MA,02155,US,7813951330,"","",EST,"",Active
Fantasia's Auto Body & Frame,"",Fantasia's Auto Body & Frame,42.4202701449394,-71.1339459568262,38 Harvard Ave,"",Medford,MA,02155,US,7814883800,"","",EST,"",Active
Janet's Beauty Salon II,"",Janet's Beauty Salon II,42.4200408160686,-71.1049566417933,11 Oakland Park,"",Medford,MA,02155,US,7813952908,"","",EST,"",Active
Hair It Go's Electrolysis by Camille,"",Hair It Go's Electrolysis by Camille,42.4212142825127,-71.108072027564,82 Forest St,"",Medford,MA,02155,US,7813935633,"","",EST,"",Active
Harbor Freight Tools,"",Harbor Freight Tools,42.4090927094221,-71.0884188115597,30 Commercial St,"",Medford,MA,02155,US,7813931976,"","",EST,"",Active
Sav-Mor Liquors,"",Sav-Mor Liquors,42.417424930377,-71.127457680915,2153 Mystic Valley Pkwy,"",Medford,MA,02155,US,7813956200,"","",EST,"",Active
Pet Supplies Plus,"",Pet Supplies Plus,42.4068794250488,-71.0834884643555,630 Fellsway,"",Medford,MA,02155,US,7813950009,"","",EST,"",Active
Indigaro Heating & Cooling,"",Indigaro Heating & Cooling,42.4013793468475,-71.0975135117769,407R Mystic Ave,"",Medford,MA,02155,US,6177784014,"","",EST,"",Active
Hillside Cafe,"",Hillside Cafe,42.4129333,-71.1240997,283 Boston Ave,"",Medford,MA,02155,US,7818749771,"","",EST,"",Active
MixStirs,"",MixStirs,42.4031656980515,-71.0807550698519,Boston Sports Club,"",Medford,MA,02155,US,6173349186,"","",EST,"",Active
Ravelo Auto Repair & Sales,"",Ravelo Auto Repair & Sales,42.4099426,-71.1053772,144 Mystic Ave,"",Medford,MA,02155,US,7813911070,"","",EST,"",Active
Joseph's Cleaners,"",Joseph's Cleaners,42.4099020659924,-71.0798370838165,214a Middlesex Ave,"",Medford,MA,02155,US,7813959712,"","",EST,"",Active
CubeSmart Self Storage,"",CubeSmart Self Storage,42.408474,-71.088768,55 Commercial Street,"",Medford,MA,02155,US,8775923286,"","",EST,"",Active
What A Treat Dog Walking,"",What A Treat Dog Walking,42.41925,-71.11313,"Medford, MA 02155","",Medford,MA,02155,US,6178038524,"","",EST,"",Active
The Center for Muscular Therapy,"",The Center for Muscular Therapy,42.419114112854,-71.1104779690504,16 Bradlee Rd,"",Medford,MA,02155,US,7812495727,"","",EST,"",Active
Natalie's Jewelers,"",Natalie's Jewelers,42.421857,-71.134161,507 High St,"",Medford,MA,02155,US,7816466300,"","",EST,"",Active
Cold Stone Creamery,"",Cold Stone Creamery,42.4038277,-71.0807953,61 Station Landing,"",Medford,MA,02155,US,7813505532,"","",EST,"",Active
Dunkin' Donuts,"",Dunkin' Donuts,42.4054604,-71.1017609,275 Mystic Ave,"",Medford,MA,02155,US,,"","",EST,"",Active
Subway,"",Subway,42.4045222252607,-71.0862214118242,4110 Mystic Valley Pkwy,"",Medford,MA,02155,US,7813969966,"","",EST,"",Active
"Ellen Guthrie, MD","","Ellen Guthrie, MD",42.4189529418945,-71.1101531982422,13 Bradlee Rd,"",Medford,MA,02155,US,7813951110,"","",EST,"",Active
Pizza Hut,"",Pizza Hut,42.4053307,-71.100708,282 Mystic Ave,"",Medford,MA,02155,US,7813930404,"","",EST,"",Active
Johnson's Automatic Transmissions,"",Johnson's Automatic Transmissions,42.4138794,-71.0795593,340 Middlesex Ave,"",Medford,MA,02155,US,7813968484,"","",EST,"",Active
Mystic River Reservation,"",Mystic River Reservation,42.4136391,-71.1033783,Torbert Macdonald Park,"",Medford,MA,02155,US,,"","",EST,"",Active
Barry Playground,"",Barry Playground,42.415017709136,-71.1145314574242,74 Summer St,"",Medford,MA,02155,US,,"","",EST,"",Active
Riverside Motorsports,"",Riverside Motorsports,42.402744,-71.0991509,357 Mystic Ave,"",Medford,MA,02155,US,6176286400,"","",EST,"",Active
Carter's Babies & Kids,"",Carter's Babies & Kids,42.4098206,-71.0847778,Fellsway Plaza,"",Medford,MA,02155,US,7813960825,"","",EST,"",Active
Boston Sports Clubs,"",Boston Sports Clubs,42.40315147692,-71.080700613881,70 Station Landing,"",Medford,MA,02155,US,7813911622,"","",EST,"",Active
Massage Therapy,"",Massage Therapy,42.4210828542709,-71.1368890106678,5 Boston Ave,"",Medford,MA,02155,US,7817772513,"","",EST,"",Active
Flex Appeal,"",Flex Appeal,42.4048119,-71.0882797,4000 Mystic Valley Pkwy,"",Medford,MA,02155,US,7813964700,"","",EST,"",Active
Medford Family Network,"",Medford Family Network,42.4276199,-71.1259232,489 Winthrop St,"",Medford,MA,02155,US,7813932106,"","",EST,"",Active
Carmichael Dining Center,"",Carmichael Dining Center,42.4169769,-71.1174774,89-91 Curtis St,"",Medford,MA,02155,US,6176273566,"","",EST,"",Active
Tisch Library,"",Tisch Library,42.4198112487793,-71.108757019043,"Medford, MA 02153","",Medford,MA,02153,US,6176273460,"","",EST,"",Active
Hair Cuttery,"",Hair Cuttery,42.4235357344151,-71.0904988646507,463 Salem St,"",Medford,MA,02155,US,7813910773,"","",EST,"",Active
Tufts University-Medford Somerville Campus,"",Tufts University-Medford Somerville Campus,42.42239,-71.1129183,1 The Green,"",Medford,MA,02155,US,6176272000,"","",EST,"",Active
Chromatic Tattoo & Body Piercing Studio,"",Chromatic Tattoo & Body Piercing Studio,42.4056778,-71.108345,365 Main St,"",Medford,MA,02155,US,7813935482,"","",EST,"",Active
Suntique Tanning Salon,"",Suntique Tanning Salon,42.4179955,-71.1083298,42 Riverside Ave,"",Medford,MA,02155,US,7813913705,"","",EST,"",Active
Amazing Intimate Essentials,"",Amazing Intimate Essentials,42.4009877,-71.0971495,423 Mystic Ave,"",Medford,MA,02155,US,7813917438,"","",EST,"",Active
The Storage Bunker,"",The Storage Bunker,42.4113390594721,-71.0907489806414,20 Sycamore Ave,"",Medford,MA,02155,US,7813505367,"","",EST,"",Active
Amanda's Oil,"",Amanda's Oil,42.4033503,-71.1017738,100 Hicks Ave,"",Medford,MA,02155,US,7813964200,"","",EST,"",Active
Daley Care LLC,"",Daley Care LLC,42.440058812499,-71.0928350687027,138 Sturges St.,"",Medford,MA,02155,US,6177973335,"","",EST,"",Active
Artery Lock Service Inc.,"",Artery Lock Service Inc.,42.421669,-71.0971527,332 Salem St,"",Medford,MA,02155,US,7813955243,"","",EST,"",Active
Serenity Spa of the Orient,"",Serenity Spa of the Orient,42.420876994729,-71.1333397775888,18 Harvard Ave,"",Medford,MA,02155,US,7814833339,"","",EST,"",Active
Christin Khan Photography,"",Christin Khan Photography,42.3969101160765,-71.1017245799303,12 Braemore Rd,"",Medford,MA,02155,US,6172564452,"","",EST,"",Active
Stop Drop and Yoga,"",Stop Drop and Yoga,42.4198112487793,-71.108757019043,"Medford, MA","",Medford,MA,,US,6173980823,"","",EST,"",Active
Handy Guy,"",Handy Guy,42.339904,-71.0898892,"Medford, MA 02115","",Medford,MA,02115,US,9788218151,"","",EST,"",Active
Riah Hair Skin & Nails,"",Riah Hair Skin & Nails,42.4091797,-71.0797195,199 Middlesex Ave,"",Medford,MA,02155,US,7813939797,"","",EST,"",Active
Enterprise Rent-A-Car,"",Enterprise Rent-A-Car,42.407372,-71.103266,221 Mystic Avenue,"",Medford,MA,02155,US,7813911561,"","",EST,"",Active
Beach Bum Tanning,"",Beach Bum Tanning,42.407093,-71.0828018,616 Fellsway,"",Medford,MA,02155,US,7813968266,"","",EST,"",Active
Bath and Company,"",Bath and Company,42.4057579,-71.0936737,Meadow Glen Mall,"",Medford,MA,02155,US,7813950626,"","",EST,"",Active
Middlesex Tree Service,"",Middlesex Tree Service,42.424991607666,-71.1108169555664,"Medford, MA 02155","",Medford,MA,02155,US,7813936969,"","",EST,"",Active
Star Salon & Style,"",Star Salon & Style,42.414427,-71.110622,154 Main St,"",Medford,MA,02155,US,7813912222,"","",EST,"",Active
Carol Ricker,"",Carol Ricker,42.427156,-71.1394579,5 Bussell Rd,"",Medford,MA,02155,US,7813954212,"","",EST,"",Active
The Paint Box Picture Frame Shop,"",The Paint Box Picture Frame Shop,42.4187126,-71.1109695,49 High St,"",Medford,MA,02155,US,7813966202,"","",EST,"",Active
Columbus Park,"",Columbus Park,42.4033585,-71.1014862,Hicks Ave,"",Medford,MA,02155,US,,"","",EST,"",Active
Playhood Child Care,"",Playhood Child Care,42.4198112487793,-71.108757019043,"Medford, MA","",Medford,MA,,US,6179107469,"","",EST,"",Active
T-Mobile,"",T-Mobile,42.4043274,-71.0802307,21 Revere Beach Parkway,"",Medford,MA,02155,US,7813960569,"","",EST,"",Active
Fellsway Gas and Service,"",Fellsway Gas and Service,42.4254260212183,-71.097439751029,285 Fellsway W,"",Medford,MA,02155,US,7813919800,"","",EST,"",Active
Dunkin' Donuts,"",Dunkin' Donuts,42.4210902303457,-71.133139282465,4 Harvard Ave,"",Medford,MA,02155,US,7814883374,"","",EST,"",Active
Ocean State Job Lot,"",Ocean State Job Lot,42.4090927094221,-71.0884188115597,30 Commercial St,"",Medford,MA,02155,US,7813911279,"","",EST,"",Active
Find Your Floor,"",Find Your Floor,42.424991607666,-71.1108169555664,"Medford, MA 02155","",Medford,MA,02155,US,7816058619,"","",EST,"",Active
Gone with the Dogs,"",Gone with the Dogs,42.424991607666,-71.1108169555664,"Medford, MA 02155","",Medford,MA,02155,US,7818832913,"","",EST,"",Active
Sweet Tooth Boudoir,"",Sweet Tooth Boudoir,42.424991607666,-71.1108169555664,"Medford, MA 02155","",Medford,MA,02155,US,,"","",EST,"",Active
Brendas Pets,"",Brendas Pets,42.424991607666,-71.1108169555664,"Medford, MA 02155","",Medford,MA,02155,US,7813960313,"","",EST,"",Active
Dunkin' Donuts,"",Dunkin' Donuts,42.418506,-71.109291,2 And 4 Salem St,"",Medford,MA,02155,US,7813965532,"","",EST,"",Active
Ultimate Barber Shop,"",Ultimate Barber Shop,42.4117212742567,-71.1219564825296,328 Boston Ave,"",Medford,MA,02155,US,7813939700,"","",EST,"",Active
Ball Square Bowling Alley,"",Ball Square Bowling Alley,42.4002256,-71.1118424,662 Boston Ave,"",Medford,MA,02155,US,6178756635,"","",EST,"",Active
Medford Pet Clinic,"",Medford Pet Clinic,42.4046968,-71.1078776,391 Main St,"",Medford,MA,02155,US,7818749650,"","",EST,"",Active
Minute-Man Car Wash,"",Minute-Man Car Wash,42.4042540043592,-71.0999697446823,2 Fulbright St,"",Medford,MA,02155,US,7813963313,"","",EST,"",Active
Simon's Auto Service,"",Simon's Auto Service,42.4165916442871,-71.12890625,166 Boston Avenue,"",Medford,MA,02155,US,6176288383,"","",EST,"",Active
Mcconnell Ken Plumbing,"",Mcconnell Ken Plumbing,42.4245838075876,-71.1342101544142,19 Chardon Rd,"",Medford,MA,02155,US,7813952013,"","",EST,"",Active
Rite Aid,"",Rite Aid,42.422848,-71.089101,467 Salem St,"",Medford,MA,02155,US,7813968350,"","",EST,"",Active
Nu-Way Cleaners,"",Nu-Way Cleaners,42.4212008714676,-71.1322139203548,471 High Street,"",Medford,MA,02155,US,7813956042,"","",EST,"",Active
iCarWash,"",iCarWash,42.4230613708496,-71.1078262329102,"Medford, MA 02155","",Medford,MA,02155,US,6172279274,"","",EST,"",Active
GS Music Center,"",GS Music Center,42.4179527163506,-71.1081162840128,6 River St,"",Medford,MA,02155,US,7813958551,"","",EST,"",Active
Cost Cutters,"",Cost Cutters,42.408204,-71.085605,720 Fellsway,"",Medford,MA,02155,US,7813504418,"","",EST,"",Active
Tufts Conveniences Store,"",Tufts Conveniences Store,42.4129028,-71.124054,285 Boston Ave,"",Medford,MA,02155,US,7813917111,"","",EST,"",Active
Casaletto and Sons Plumbing & Heating,"",Casaletto and Sons Plumbing & Heating,42.4260135,-71.1042728,18 Valley St,"",Medford,MA,02155,US,7813226098,"","",EST,"",Active
Capen Street Park,"",Capen Street Park,42.4141312390566,-71.1290864646435,199 Capen St,"",Medford,MA,02155,US,,"","",EST,"",Active
Party City,"",Party City,42.40617312430199,-71.0924434661865,Meadow Glen Mall,"",Medford,MA,02155,US,7813061400,"","",EST,"",Active
Admiral Pat's Cruise Vacations Inc,"",Admiral Pat's Cruise Vacations Inc,42.4186361,-71.1112321,"Medford, MA 02155","",Medford,MA,02155,US,7813956541,"","",EST,"",Active
Mind In Motion Pilates Studio,"",Mind In Motion Pilates Studio,42.4150619655848,-71.109768524766,70B Union Street,"",Medford,MA,02155,US,7813918883,"","",EST,"",Active
Salem Street Studio,"",Salem Street Studio,42.4201813,-71.0999985,235 Salem St,"",Medford,MA,02155,US,7813939111,"","",EST,"",Active
Sain Visage Skin Care Salon - Medford,"",Sain Visage Skin Care Salon - Medford,42.4037743,-71.0808105,67 Station Landing,"",Medford,MA,02155,US,7813504848,"","",EST,"",Active
Teddy Bears Day Care,"",Teddy Bears Day Care,42.4052086,-71.1069946,120 Harvard St,"",Medford,MA,02155,US,7812193778,"","",EST,"",Active
Omnidentix & Associates,"",Omnidentix & Associates,42.4070663452148,-71.0921783447266,Meadow Glen Mall,"",Medford,MA,02155,US,7813966613,"","",EST,"",Active
Sila Transportation,"",Sila Transportation,42.4201735,-71.1153284,148 High St,"",Medford,MA,02155,US,8572843050,"","",EST,"",Active
For The Love of Dogs,"",For The Love of Dogs,42.4269133061171,-71.1065968126059,30 Ripley Rd,"",Medford,MA,02155,US,6176990309,"","",EST,"",Active
Penske Truck Rental,"",Penske Truck Rental,42.4115676879883,-71.0887832641602,436 Riverside Ave,"",Medford,MA,02155,US,7812311311,"","",EST,"",Active
Quietman Sports Gym,"",Quietman Sports Gym,42.4041768908501,-71.0887346416712,4000 Mystic Valley Pkwy,"",Medford,MA,02155,US,7813966700,"","",EST,"",Active
Oom Yung Doe,"",Oom Yung Doe,42.4224058538675,-71.0927753895521,412 Salem St,"",Medford,MA,02155,US,6179972251,"","",EST,"",Active
Blinds R US,"",Blinds R US,42.4224701,-71.092041,423 Salem St,"",Medford,MA,02155,US,7813952002,"","",EST,"",Active
Autumn Care & Crossings,"",Autumn Care & Crossings,42.4182711910228,-71.1066359687866,"Medford, MA 02155","",Medford,MA,02155,US,7818749477,"","",EST,"",Active
DGC Autobody & Mechanical,"",DGC Autobody & Mechanical,42.4021683,-71.0990906,367 Mystic Ave,"",Medford,MA,02155,US,7813959598,"","",EST,"",Active
Jason Anthony Formal Wear,"",Jason Anthony Formal Wear,42.4147112667561,-71.1106838285923,141 Main St,"",Medford,MA,02155,US,7813957047,"","",EST,"",Active
Erica Ferrone Photography,"",Erica Ferrone Photography,42.4232691,-71.1050855,52 Woodrow Ave,"",Medford,MA,02155,US,7812549616,"","",EST,"",Active
Medford Auto Center,"",Medford Auto Center,42.4110024422407,-71.0910346359015,397 Riverside Ave,"",Medford,MA,02155,US,7813957800,"","",EST,"",Active
Healing Massage,"",Healing Massage,42.4048407375813,-71.1077367514372,388 Main St,"",Medford,MA,02155,US,6178182047,"","",EST,"",Active
CJ Doherty,"",CJ Doherty,42.4087791,-71.0926437,41 Locust St,"",Medford,MA,02155,US,7813955400,"","",EST,"",Active
Get In Shape For Women,"",Get In Shape For Women,42.4210499972105,-71.131696254015,452 High St,"",Medford,MA,02155,US,7813930800,"","",EST,"",Active
WMFO,"",WMFO,42.4068614855092,-71.1165396128047,450 Boston Ave,"",Medford,MA,02155,US,6176250800,"","",EST,"",Active
Kitty Connection,"",Kitty Connection,42.4153389036655,-71.1015911400318,6 Cudworth St,"",Medford,MA,02155,US,7813939995,"","",EST,"",Active
Cummings Park,"",Cummings Park,42.4168114503727,-71.122419834137,95 Cotting St,"",Medford,MA,02155,US,,"","",EST,"",Active
"Cristina Holt, MD","","Cristina Holt, MD",42.4160275608301,-71.1105993390083,101 Main St,"",Medford,MA,02155,US,7813934448,"","",EST,"",Active
Cvs Pharmacy,"",Cvs Pharmacy,42.419036224604,-71.112221200234,85 High St,"",Medford,MA,02155,US,7813964770,"","",EST,"",Active
Hoff's Bakery,"",Hoff's Bakery,42.4066544,-71.0782318,1 Brainard Ave,"",Medford,MA,02155,US,7813968384,"","",EST,"",Active
"Santini Bros Iron Works, Inc","","Santini Bros Iron Works, Inc",42.4114034324884,-71.0907409340143,28 Sycamore Ave,"",Medford,MA,02155,US,7813961450,"","",EST,"",Active
Merry-Go-Round Nursery School,"",Merry-Go-Round Nursery School,42.4186829477549,-71.0964567214251,55 Otis Street,"",Medford,MA,02155,US,7813961711,"","",EST,"",Active
First Steps Early Learning Center,"",First Steps Early Learning Center,42.411813774274,-71.077742014585,273 Middlesex Ave,"",Medford,MA,02155,US,7813061244,"","",EST,"",Active
Rivka Simmons,"",Rivka Simmons,42.4109306,-71.1085434,28 Hancock Ave,"",Medford,MA,02155,US,7813961943,"","",EST,"",Active
Stop & Shop,"",Stop & Shop,42.4085858385981,-71.0862153976217,760 Fellsway,"",Medford,MA,02155,US,7813917628,"","",EST,"",Active
O'connor Painting & Construction,"",O'connor Painting & Construction,42.416542544961,-71.1185313016176,180 Winthrop St,"",Medford,MA,02155,US,6176236883,"","",EST,"",Active
Harvard Vanguard Medical Associates,"",Harvard Vanguard Medical Associates,42.417944,-71.106515,26 City Hall Mall,"",Medford,MA,02155,US,7813065100,"","",EST,"",Active
Foreign Body Works,"",Foreign Body Works,42.4022863,-71.0989339,367 Mystic Ave,"",Medford,MA,02155,US,6176231890,"","",EST,"",Active
Best Neighborhood Drycleaner,"",Best Neighborhood Drycleaner,42.4211693555117,-71.1379129439592,570 High St,"",Medford,MA,02155,US,7816431850,"","",EST,"",Active
Fitness Together,"",Fitness Together,42.4219217151403,-71.0949748009443,365 Salem St,"",Medford,MA,02155,US,7813953600,"","",EST,"",Active
Kohl's,"",Kohl's,42.4057579,-71.0936737,3850 Mystic Valley Pkwy,"",Medford,MA,02155,US,7813956001,"","",EST,"",Active
Edible Arrangements,"",Edible Arrangements,42.4054604,-71.1017609,275 Mystic Ave,"",Medford,MA,02155,US,7813060009,"","",EST,"",Active
Arlmont Glass,"",Arlmont Glass,42.4211680144072,-71.1306904256344,427 High St,"",Medford,MA,02155,US,7813912044,"","",EST,"",Active
Valdez Baseball Academy,"",Valdez Baseball Academy,42.404890176776,-71.088438680098,4000 Mystic Valley Pkwy,"",Medford,MA,02155,US,7818568721,"","",EST,"",Active
Margaritas Mexican Restaurant,"",Margaritas Mexican Restaurant,42.4037018,-71.0808334,75 Station Lndg,"",Medford,MA,02155,US,3392215410,"","",EST,"",Active
Anthony's Pizzaria Italiano,"",Anthony's Pizzaria Italiano,42.4070039692717,-71.0922776625653,Meadow Glen Mall,"",Medford,MA,02155,US,7813952020,"","",EST,"",Active
Admmard Lockshop,"",Admmard Lockshop,42.4022611230612,-71.106404364109,454 Main St,"",Medford,MA,02155,US,6175948120,"","",EST,"",Active
"William C Looby Jr, DVM","","William C Looby Jr, DVM",42.4206731468439,-71.1414608359337,637 High St,"",Medford,MA,02155,US,7814884789,"","",EST,"",Active
Medford Dental Associates,"",Medford Dental Associates,42.4160275608301,-71.1105993390083,101 Main St,"",Medford,MA,02155,US,7813955545,"","",EST,"",Active
Perfect Nails,"",Perfect Nails,42.4235585331917,-71.090645045042,458 Salem St,"",Medford,MA,02155,US,7813914611,"","",EST,"",Active
Luzia's Beauty Salon,"",Luzia's Beauty Salon,42.4094238,-71.1099396,267 Main St,"",Medford,MA,02155,US,7818741170,"","",EST,"",Active
Men's Wearhouse and Tux,"",Men's Wearhouse and Tux,42.4061049,-71.0827626,616 Fellsway,"",Medford,MA,02155,US,7813964030,"","",EST,"",Active
Driscoll Electric,"",Driscoll Electric,42.4000255018473,-71.1102124303579,83 Newbern Avenue,"",Medford,MA,02155,US,7813939299,"","",EST,"",Active
Main Street Liquors,"",Main Street Liquors,42.4046135,-71.1078873,395 Main St,"",Medford,MA,02155,US,7813504803,"","",EST,"",Active
Levy Paul F Dent,"",Levy Paul F Dent,42.4186516,-71.1124725,84 High Street,"",Medford,MA,02155,US,7813952000,"","",EST,"",Active
Centre Arco Service,"",Centre Arco Service,42.4215361475945,-71.1327000707388,9 Playstead Road,"",Medford,MA,02155,US,7813959486,"","",EST,"",Active
Pizza Vazza,"",Pizza Vazza,42.4057579,-71.0936737,3850 Mystic Valley Pkwy,"",Medford,MA,02155,US,7813956710,"","",EST,"",Active
Lily Nail,"",Lily Nail,42.4120250344276,-71.1225834488869,315 Boston Avenue,"",Medford,MA,02155,US,7813965593,"","",EST,"",Active
JJ Donovan & Sons,"",JJ Donovan & Sons,42.4159508,-71.1091232,35 Swan St,"",Medford,MA,02155,US,7813957300,"","",EST,"",Active
Burigo's Painting Contractor,"",Burigo's Painting Contractor,42.4110292643309,-71.0790632665157,35 2nd St,"",Medford,MA,02155,US,7813951915,"","",EST,"",Active
"Snake It Away, Inc","","Snake It Away, Inc",42.41925,-71.11313,"Medford, MA 02155","",Medford,MA,02155,US,7813964192,"","",EST,"",Active
WJMN- JAM'N 94.5 #1 for Hip Hop & Hit Music,"",WJMN- JAM'N 94.5 #1 for Hip Hop & Hit Music,42.4066949,-71.0762998,10 Cabot Rd,"",Medford,MA,02155,US,6179311945,"","",EST,"",Active
Wellington Station,"",Wellington Station,42.4023666381836,-71.0771102905273,Revere Beach Pkwy,"",Medford,MA,02155,US,,"","",EST,"",Active
Colonial Nissan of Medford,"",Colonial Nissan of Medford,42.4117789417505,-71.1071949452162,104 Mystic Ave,"",Medford,MA,02155,US,7813955300,"","",EST,"",Active
Riverside Nails,"",Riverside Nails,42.4099590629339,-71.0852129012346,506 Riverside Ave,"",Medford,MA,02155,US,7813938581,"","",EST,"",Active
Scoop 'n' Scoot,"",Scoop 'n' Scoot,42.424991607666,-71.1108169555664,"Medford, MA 02155","",Medford,MA,02155,US,2245679031,"","",EST,"",Active
Wellington Place,"",Wellington Place,42.4056282,-71.077919,34 Brainard Ave,"",Medford,MA,02155,US,7813060460,"","",EST,"",Active
Joseph's Limousine & Transportation,"",Joseph's Limousine & Transportation,42.4184296,-71.1061639,44 James St,"",Medford,MA,02155,US,7813962500,"","",EST,"",Active
The Classic Smile,"",The Classic Smile,42.4188082,-71.1121773,92 High St,"",Medford,MA,02155,US,8573218856,"","",EST,"",Active
Minute Clinic,"",Minute Clinic,42.4190025,-71.1122208,CVS,"",Medford,MA,02155,US,7813964770,"","",EST,"",Active
People's Corner Market,"",People's Corner Market,42.4360619,-71.0961838,492 Fulton St,"",Medford,MA,02155,US,7813960510,"","",EST,"",Active
The Residences at Rivers Edge,"",The Residences at Rivers Edge,42.4091682,-71.0754929,100 Rivers Edge Dr,"",Medford,MA,02155,US,7813530716,"","",EST,"",Active
DaVinci Plumbing Heating Drain,"",DaVinci Plumbing Heating Drain,42.424991607666,-71.1108169555664,"Medford, MA 02155","",Medford,MA,02155,US,6172935292,"","",EST,"",Active
Walgreens,"",Walgreens,42.404260773359,-71.080639675249,49 Station Lndg,"",Medford,MA,02155,US,7813935693,"","",EST,"",Active
Sea Waves Beauty Salon,"",Sea Waves Beauty Salon,42.4187546,-71.1111374,53 High St,"",Medford,MA,02155,US,7813938522,"","",EST,"",Active
Dunkin' Donuts,"",Dunkin' Donuts,42.4105384200811,-71.0882840305567,7 Commercial St,"",Medford,MA,02155,US,7813965972,"","",EST,"",Active
Circle Laundry & Dry Cleaning,"",Circle Laundry & Dry Cleaning,42.4045222252607,-71.0862214118242,4110 Mystic Valley Pkwy,"",Medford,MA,02155,US,7813959429,"","",EST,"",Active
Dunkin' Donuts,"",Dunkin' Donuts,42.4057579,-71.0936737,3850 Mystic Valley Pkwy,"",Medford,MA,02155,US,7813956233,"","",EST,"",Active
Dunkin' Donuts,"",Dunkin' Donuts,42.4125346541405,-71.0791383683681,283 Middlesex Ave,"",Medford,MA,02155,US,7813950941,"","",EST,"",Active
Green Stem Designs,"",Green Stem Designs,42.424991607666,-71.1108169555664,"Medford, MA 02155","",Medford,MA,02155,US,7812195775,"","",EST,"",Active
Eni's Cleaning,"",Eni's Cleaning,42.4198112487793,-71.108757019043,"Medford, MA","",Medford,MA,,US,6177673120,"","",EST,"",Active
Medford Lodge of Elks,"",Medford Lodge of Elks,42.4185045808554,-71.1025131493807,19 Washington St,"",Medford,MA,02155,US,7813960723,"","",EST,"",Active
Spaulding Outpatient Center Medford,"",Spaulding Outpatient Center Medford,42.4160275608301,-71.1105993390083,101 Main St,"",Medford,MA,02155,US,7813917518,"","",EST,"",Active
Kangaroo Club,"",Kangaroo Club,42.4185340851545,-71.1109795421362,42 High St,"",Medford,MA,02155,US,3395451225,"","",EST,"",Active
Stop & Shop,"",Stop & Shop,42.423029,-71.08877,471 Salem St,"",Medford,MA,02155,US,7813911638,"","",EST,"",Active
Burger King,"",Burger King,42.4015732,-71.0978317,399 Mystic Ave,"",Medford,MA,02155,US,,"","",EST,"",Active
Pedroso Cleaning Service,"",Pedroso Cleaning Service,42.424991607666,-71.1108169555664,"Medford, MA 02155","",Medford,MA,02155,US,8578881392,"","",EST,"",Active
King Petroleum,"",King Petroleum,42.4207518465766,-71.0987144708633,275 Salem St,"",Medford,MA,02155,US,7818443709,"","",EST,"",Active
Work Out World,"",Work Out World,42.4152957,-71.1273766,200 Boston Ave,"",Medford,MA,02155,US,7813931805,"","",EST,"",Active
A&P Collision Center,"",A&P Collision Center,42.4145012,-71.1090546,80 Swan St,"",Medford,MA,02155,US,7818740731,"","",EST,"",Active
Lollipops & Roses Florist,"",Lollipops & Roses Florist,42.4235306,-71.0909119,450 Salem Street,"",Medford,MA,02155,US,7813957684,"","",EST,"",Active
BJ's Wholesale Club,"",BJ's Wholesale Club,42.4133110046387,-71.0826416015625,278 Middlesex Ave,"",Medford,MA,02155,US,7813960235,"","",EST,"",Active
Marshalls,"",Marshalls,42.4069024,-71.0919319,3850 Mystic Valley Pkwy,"",Medford,MA,02155,US,7813911331,"","",EST,"",Active
Medford Family Care,"",Medford Family Care,42.4189028888941,-71.1125835031271,92 High St,"",Medford,MA,02155,US,7813060200,"","",EST,"",Active
Main St Cleaners & Alterations,"",Main St Cleaners & Alterations,42.4044113,-71.1078491,397 Main St,"",Medford,MA,02155,US,7813918126,"","",EST,"",Active
Sentry Ford Lincoln Mercury,"",Sentry Ford Lincoln Mercury,42.405332527748,-71.084942937537,4100 Mystic Valley Pkwy,"",Medford,MA,02155,US,7813956400,"","",EST,"",Active
Real Italian Gusto,"",Real Italian Gusto,42.41823,-71.11063,24 High St,"",Medford,MA,02155,US,7813961656,"","",EST,"",Active
Bride 'n' Belle Boutique,"",Bride 'n' Belle Boutique,42.4148216,-71.1110764,141 Main St,"",Medford,MA,02155,US,7813912669,"","",EST,"",Active
Yellow Cab Association,"",Yellow Cab Association,42.40077,-71.11196,640 Boston Ave,"",Medford,MA,02155,US,7816431200,"","",EST,"",Active
Emilio's Salon,"",Emilio's Salon,42.4225998,-71.0924606,414 Salem St,"",Medford,MA,02155,US,7813955131,"","",EST,"",Active
Cosmopolitan Real Estate Inc,"",Cosmopolitan Real Estate Inc,42.4183545,-71.1086645,23 Salem St,"",Medford,MA,02155,US,3392215412,"","",EST,"",Active
Modells Sporting Goods,"",Modells Sporting Goods,42.4077824,-71.0833659,640 Fellsway,"",Medford,MA,02155,US,7813950100,"","",EST,"",Active
LensCrafters,"",LensCrafters,42.405494,-71.083874,4110 Mystic Valley Pkwy,"",Medford,MA,02155,US,7813934500,"","",EST,"",Active
Fred's Auto Service,"",Fred's Auto Service,42.4020271,-71.0982895,385 Mystic Ave,"",Medford,MA,02155,US,7813959557,"","",EST,"",Active
Jiffy Lube,"",Jiffy Lube,42.4073211103678,-71.1030288040638,222 Mystic Ave,"",Medford,MA,02155,US,7813954835,"","",EST,"",Active
Mystic Place,"",Mystic Place,42.4083235859871,-71.0950183868408,3610 Mystic Valley Parkway,"",Medford,MA,02155,US,7813911810,"","",EST,"",Active
Carly's Nail Salon,"",Carly's Nail Salon,42.4204786866903,-71.0997913777828,244 Salem St,"",Medford,MA,02155,US,7813951044,"","",EST,"",Active
A L Prime Energy,"",A L Prime Energy,42.400631,-71.1039581,510 Main Street,"",Medford,MA,02155,US,7813960988,"","",EST,"",Active
"Iraca Anthony, OD","","Iraca Anthony, OD",42.4051499,-71.0826719,4110 Mystic Valley Pkwy,"",Medford,MA,02155,US,7813911195,"","",EST,"",Active
Baker Travel,"",Baker Travel,42.4012337,-71.1063156,15 Medford St,"",Medford,MA,02155,US,6176292660,"","",EST,"",Active
Signature Nail Salon,"",Signature Nail Salon,42.421090900898,-71.1320322006941,468 High St,"",Medford,MA,02155,US,7813930539,"","",EST,"",Active
Elizabeth Grady,"",Elizabeth Grady,42.4185944,-71.1084595,34 Salem Street,"",Medford,MA,02155,US,7813951971,"","",EST,"",Active
Lou's Custom Exhaust,"",Lou's Custom Exhaust,42.4153637140989,-71.1097557842731,44 Union St,"",Medford,MA,02155,US,7813918484,"","",EST,"",Active
Stop & Shop Supermarket,"",Stop & Shop Supermarket,42.4085858385981,-71.0862153976217,760 Fellsway,"",Medford,MA,02155,US,7813915869,"","",EST,"",Active
First Dental,"",First Dental,42.4219458550215,-71.0953643918037,366 Salem St,"",Medford,MA,02155,US,7813950300,"","",EST,"",Active
Tia's Place,"",Tia's Place,42.4152878,-71.093216,84 Spring St,"",Medford,MA,02155,US,7813919000,"","",EST,"",Active
Smith Landscaping,"",Smith Landscaping,42.4184296,-71.1061639,"Medford, MA 02155","",Medford,MA,02155,US,7813952154,"","",EST,"",Active
Peter Needham Electrical & Hvac,"",Peter Needham Electrical & Hvac,42.42052,-71.10527,59 Oakland St,"",Medford,MA,02155,US,7813964800,"","",EST,"",Active
TLC Dental Of Medford,"",TLC Dental Of Medford,42.4187895655632,-71.112123504281,84 High St,"",Medford,MA,02155,US,7813930008,"","",EST,"",Active
New Hong Kong Villiage,"",New Hong Kong Villiage,42.4186125397682,-71.1109104752541,45 High St,"",Medford,MA,02155,US,7813916638,"","",EST,"",Active
Medford Farmer's Market,"",Medford Farmer's Market,42.418324,-71.106459,One City Hall Mall,"",Medford,MA,02155,US,,"","",EST,"",Active
Adam & Eva Tailor Shop,"",Adam & Eva Tailor Shop,42.409771,-71.079628,211A Middlesex Avenue,"",Medford,MA,02155,US,7813962418,"","",EST,"",Active
Dunkin' Donuts,"",Dunkin' Donuts,42.4142331629992,-71.1106127500534,154 Main St,"",Medford,MA,02155,US,7813959847,"","",EST,"",Active
Littlest Laundromat,"",Littlest Laundromat,42.4213564395905,-71.0976731032133,314 Salem St,"",Medford,MA,02155,US,8888180415,"","",EST,"",Active
Export Enterprises-Roadone,"",Export Enterprises-Roadone,42.4109039,-71.0911179,395 Riverside Ave,"",Medford,MA,02155,US,7813959647,"","",EST,"",Active
DiStefano's Pizza,"",DiStefano's Pizza,42.4121665209532,-71.0951860249043,318 Riverside Ave,"",Medford,MA,02155,US,3392215392,"","",EST,"",Active
Arborpoint at Station Landing,"",Arborpoint at Station Landing,42.4038329,-71.0804444,50 Station Landing,"",Medford,MA,02155,US,8662705412,"","",EST,"",Active
Red Persimmon Nails,"",Red Persimmon Nails,42.4057579,-71.0936737,Meadow Glen Mall,"",Medford,MA,02155,US,7813963833,"","",EST,"",Active
Tashi's Hair Salon,"",Tashi's Hair Salon,42.4182129,-71.1091156,18 Riverside Ave,"",Medford,MA,02155,US,7813952330,"","",EST,"",Active
"Carpinito Renato, DMD","","Carpinito Renato, DMD",42.4184576421976,-71.1106496304274,38 High St,"",Medford,MA,02155,US,7813939000,"","",EST,"",Active
Dunkin' Donuts,"",Dunkin' Donuts,42.4054604,-71.1017609,275 Mystic Ave,"",Medford,MA,02155,US,7813951146,"","",EST,"",Active
Tasty on the Hill,"",Tasty on the Hill,42.4118281777122,-71.1219330132008,321 Boston Ave,"",Medford,MA,02155,US,,"","",EST,"",Active
The New Famar,"",The New Famar,42.415397644043,-71.1090774536133,57 Swan St,"",Medford,MA,02155,US,6178391163,"","",EST,"",Active
Medford Endodontics,"",Medford Endodontics,42.4217911,-71.1107483,Zero Governors Ave,"",Medford,MA,02155,US,7813915100,"","",EST,"",Active
Tasty On the Hill,"",Tasty On the Hill,42.4118433147669,-71.1223152279854,321 Boston Ave.,"",Medford,MA,02155,US,7812193269,"","",EST,"",Active
Vogue Hair Salon,"",Vogue Hair Salon,42.4187019,-71.1115776,76 High St,"",Medford,MA,02155,US,7813954020,"","",EST,"",Active
Collvest Coins LLC,"",Collvest Coins LLC,42.4187965393066,-71.1123809814453,84 High St,"",Medford,MA,02155,US,7813951011,"","",EST,"",Active
Giamberardino Dental Care,"",Giamberardino Dental Care,42.4186516,-71.1124725,84 High St,"",Medford,MA,02155,US,7813963800,"","",EST,"",Active
Bimbo Bakery Outlet,"",Bimbo Bakery Outlet,42.4045222252607,-71.0862214118242,4110 Mystic Valley Pkwy,"",Medford,MA,02155,US,7813060221,"","",EST,"",Active
Hillside Cleaners Incorporated,"",Hillside Cleaners Incorporated,42.4116592,-71.1215363,334 Boston Ave,"",Medford,MA,02155,US,7813962929,"","",EST,"",Active
Going Bananas Cafe,"",Going Bananas Cafe,42.4052452586609,-71.0882562305966,25 Commercial St,"",Medford,MA,02155,US,,"","",EST,"",Active
Lawrence Memorial Hospital,"",Lawrence Memorial Hospital,42.4262974,-71.1111054,170 Governors Ave,"",Medford,MA,02155,US,7813066000,"","",EST,"",Active
Boston Local Properties,"",Boston Local Properties,42.4111214,-71.1073532,101 Mystic Ave,"",Medford,MA,02155,US,8008813851,"","",EST,"",Active
Clevergreen Professional Dry Cleaners,"",Clevergreen Professional Dry Cleaners,42.411107,-71.127846,152-154 North St,"",Medford,MA,02155,US,7813069707,"","",EST,"",Active
Medford Condon Shell,"",Medford Condon Shell,42.4179578,-71.1268559,2501 Mystic Valley Pkwy,"",Medford,MA,02155,US,,"","",EST,"",Active
"Bosstown Clothing, Custom Printing and Embroidering","","Bosstown Clothing, Custom Printing and Embroidering",42.4098048359156,-71.1055313050747,135 Mystic Ave,"",Medford,MA,02155,US,7813910908,"","",EST,"",Active
Stop & Shop,"",Stop & Shop,42.4090927094221,-71.0884188115597,30 Commercial St,"",Medford,MA,02155,US,7813912516,"","",EST,"",Active
Spring Street Superette,"",Spring Street Superette,42.4154243,-71.0932541,88 Spring Street,"",Medford,MA,02155,US,7813060066,"","",EST,"",Active
Maria House Cleaning Services Inc,"",Maria House Cleaning Services Inc,42.413431,-71.0962823,"Medford, MA 02155","",Medford,MA,02155,US,7819603151,"","",EST,"",Active
"Demonteverde Nanette, DMD","","Demonteverde Nanette, DMD",42.406955,-71.108647,30 Main St,"",Medford,MA,02155,US,7813912440,"","",EST,"",Active
Hormel Stadium,"",Hormel Stadium,42.408136256737,-71.0967348600799,Locust St,"",Medford,MA,02155,US,7813965500,"","",EST,"",Active
Massage Envy,"",Massage Envy,42.4087257,-71.0841827,672 Fellsway,"",Medford,MA,02155,US,7813919111,"","",EST,"",Active
Silvestro's Barbershop & Shaving Parlor,"",Silvestro's Barbershop & Shaving Parlor,42.4224034,-71.0926235,418 Salem St,"",Medford,MA,02155,US,7812195093,"","",EST,"",Active
Daily Mart,"",Daily Mart,42.4227791,-71.0914383,267 Spring St,"",Medford,MA,02155,US,7813917882,"","",EST,"",Active
iLoveKickboxing.com,"",iLoveKickboxing.com,42.4176633,-71.1082193,45 Riverside Ave,"",Medford,MA,02155,US,7813957131,"","",EST,"",Active
Alpha Omega Property Services,"",Alpha Omega Property Services,42.4206848,-71.105545,56 Oakland St.,"",Medford,MA,02155,US,8578881146,"","",EST,"",Active
KISS 108 - WXKS-FM - Boston's Hit Music Station,"",KISS 108 - WXKS-FM - Boston's Hit Music Station,42.4065151065588,-71.0763133317232,10 Cabot Rd,"",Medford,MA,02155,US,7813961430,"","",EST,"",Active
Muenzer Matthias MD,"",Muenzer Matthias MD,42.4160275608301,-71.1105993390083,101 Main Street,"",Medford,MA,02155,US,7813912424,"","",EST,"",Active
"Bates Insurance Agency, Inc","","Bates Insurance Agency, Inc",42.4186096191406,-71.1129989624023,92 High St,"",Medford,MA,02155,US,7813964985,"","",EST,"",Active
Law Office Of William J. Barabino,"",Law Office Of William J. Barabino,42.4186096191406,-71.1129989624023,92 High St,"",Medford,MA,02155,US,7813935900,"","",EST,"",Active
La Rosa Pizzeria and Sandwich Shop,"",La Rosa Pizzeria and Sandwich Shop,42.4101139605045,-71.0796325653791,219 Middlesex Ave,"",Medford,MA,02155,US,7813959405,"","",EST,"",Active
Alex's Auto Repair,"",Alex's Auto Repair,42.4137688,-71.1093597,33 Mystic Ave,"",Medford,MA,02155,US,7813966100,"","",EST,"",Active
Puccio Electric,"",Puccio Electric,42.4125239253044,-71.1072432249784,21 Reardon Rd,"",Medford,MA,02155,US,7813916057,"","",EST,"",Active
Dinamarta Honorato,"",Dinamarta Honorato,42.4157486110926,-71.1115320771933,13A Emerson St,"",Medford,MA,02155,US,8576150971,"","",EST,"",Active
Dunkin' Donuts,"",Dunkin' Donuts,42.4105531722307,-71.0882813483477,7 Commercial St,"",Medford,MA,02155,US,7813965972,"","",EST,"",Active
Firearm Safety Academy,"",Firearm Safety Academy,42.410546,-71.10588,Mystic Ave,"",Medford,MA,02155,US,6176056328,"","",EST,"",Active
Dunkin Donuts,"",Dunkin Donuts,42.4070663452148,-71.0921783447266,3850 Mystic Valley Pkwy,"",Medford,MA,02155,US,,"","",EST,"",Active
"Doubleclick Rental Properties, LLC","","Doubleclick Rental Properties, LLC",42.4220537,-71.0954261,362 Salem Street,"",Medford,MA,02155,US,7813911888,"","",EST,"",Active
Dance Haven,"",Dance Haven,42.4220075458288,-71.0944987088442,379 Salem St,"",Medford,MA,02155,US,7813910677,"","",EST,"",Active
Chris Capri Salon,"",Chris Capri Salon,42.4184952,-71.1091232,10 Salem St,"",Medford,MA,02155,US,7813958403,"","",EST,"",Active
Brookline Bank,"",Brookline Bank,42.4186018109322,-71.1112826317549,60 High Street,"",Medford,MA,02155,US,7813932500,"","",EST,"",Active
Police Department,"",Police Department,42.4160194,-71.1103973,100 Main St,"",Medford,MA,02155,US,7813951212,"","",EST,"",Active
Angles Hair Salon,"",Angles Hair Salon,42.4223877489567,-71.0928471386433,410 Salem St,"",Medford,MA,02155,US,7813915454,"","",EST,"",Active
A Ok Lock & Security,"",A Ok Lock & Security,42.4224701,-71.092041,423 Salem St,"",Medford,MA,02155,US,6174376408,"","",EST,"",Active
Meadow Glen Mall,"",Meadow Glen Mall,42.4057579,-71.0936737,3850 Mystic Valley Parkway,"",Medford,MA,02155,US,7813951010,"","",EST,"",Active
Mystic Valley Pediatrics,"",Mystic Valley Pediatrics,42.4169617,-71.1070709,75 Riverside Ave,"",Medford,MA,02155,US,7813918821,"","",EST,"",Active
Bruno Amaral Brazilian Jiu Jitsu,"",Bruno Amaral Brazilian Jiu Jitsu,42.4178206175566,-71.1083791404963,45 Riverside Ave,"",Medford,MA,02155,US,6173897973,"","",EST,"",Active
Medfords Finest Barbershop and Shave Parlor,"",Medfords Finest Barbershop and Shave Parlor,42.4181029200554,-71.1097645014524,14 Main St,"",Medford,MA,02155,US,7813960900,"","",EST,"",Active
Shawn Sullivan-Re/Max Andrew Realty Services,"",Shawn Sullivan-Re/Max Andrew Realty Services,42.4182496,-71.1101959,12 High Street,"",Medford,MA,02155,US,,"","",EST,"",Active
Dr. Eric R Gheewalla,"",Dr. Eric R Gheewalla,42.4212142825127,-71.108072027564,82 Forest Street,"",Medford,MA,02155,US,7813961980,"","",EST,"",Active
AnnaMarie DeFeo,"",AnnaMarie DeFeo,42.4212142825127,-71.108072027564,82 Forest St,"",Medford,MA,02155,US,7813961980,"","",EST,"",Active
Murano Raymond S Dr Podiatrist,"",Murano Raymond S Dr Podiatrist,42.4160275608301,-71.1105993390083,101 Main Street,"",Medford,MA,02155,US,7813960120,"","",EST,"",Active
Carli Fence Company,"",Carli Fence Company,42.4150619655848,-71.109768524766,70 Union St,"",Medford,MA,02155,US,7813918998,"","",EST,"",Active
"Bretta & Grimaldi, P.A.","","Bretta & Grimaldi, P.A.",42.4143189936876,-71.1097349971533,19 Mystic Ave,"",Medford,MA,02155,US,7813950090,"","",EST,"",Active
De Vito's John Barber Shop,"",De Vito's John Barber Shop,42.4044991,-71.1073608,396 Main Street,"",Medford,MA,02155,US,7813919212,"","",EST,"",Active
T D Electric,"",T D Electric,42.4216219782829,-71.1016146093607,42 Fulton St,"",Medford,MA,02155,US,6177187344,"","",EST,"",Active
"Albert E Cangiano, DDS","","Albert E Cangiano, DDS",42.4235181,-71.1074577,132 Forest St,"",Medford,MA,02155,US,7813968365,"","",EST,"",Active
Greater Metropolitan Real Estate,"",Greater Metropolitan Real Estate,42.4177549034357,-71.1312637478113,121 Boston Ave,"",Medford,MA,02155,US,7815741000,"","",EST,"",Active
Boston Physical Therapy & Wellness,"",Boston Physical Therapy & Wellness,42.4054604,-71.1017609,275 Mystic Ave,"",Medford,MA,02155,US,7818749294,"","",EST,"",Active
Crisafulli Arthur A Auctioneers & Appraisers,"",Crisafulli Arthur A Auctioneers & Appraisers,42.412262,-71.1079254,83 Mystic Avenue,"",Medford,MA,02155,US,7813244400,"","",EST,"",Active
Limited To Endodontics,"",Limited To Endodontics,42.4174142628908,-71.1065082997084,1 City Hall Mall,"",Medford,MA,02155,US,7813965700,"","",EST,"",Active
Perault Siding,"",Perault Siding,42.4249271303415,-71.1061629652977,172 Forest St,"",Medford,MA,02155,US,7816405177,"","",EST,"",Active
Hillside Real Estate,"",Hillside Real Estate,42.4122704565525,-71.1227644979954,308 Boston Ave,"",Medford,MA,02155,US,7813951400,"","",EST,"",Active
Master William's,"",Master William's,42.41284,-71.12409,281 Boston Ave,"",Medford,MA,02155,US,7813911448,"","",EST,"",Active
David's Auto Repair,"",David's Auto Repair,42.4102364,-71.1056442,140 Mystic Ave,"",Medford,MA,02155,US,7813964500,"","",EST,"",Active
Re-create Wellness,"",Re-create Wellness,42.3993730545044,-71.1051920056343,66 Medford St,"",Medford,MA,02155,US,6179097707,"","",EST,"",Active
Kim McBrine Real Estate Agent,"",Kim McBrine Real Estate Agent,42.4219210445881,-71.0955266654491,362 Salem St,"",Medford,MA,02155,US,7816055655,"","",EST,"",Active
Lviv Moving,"",Lviv Moving,42.4126502,-71.0967099,287 Riverside Ave,"",Medford,MA,02155,US,7862124494,"","",EST,"",Active
Dabbs Lock,"",Dabbs Lock,42.4210014,-71.1320419,470 High St,"",Medford,MA,02155,US,7813505770,"","",EST,"",Active
Adriano Batti Photography,"",Adriano Batti Photography,42.4197311,-71.1274719,45 Prescott St,"",Medford,MA,02155,US,7813061110,"","",EST,"",Active
Advance Auto Parts,"",Advance Auto Parts,42.4125671,-71.0790176,291 Middlesex Avenue,"",Medford,MA,02155,US,7813951314,"","",EST,"",Active
Lee's Cleaners,"",Lee's Cleaners,42.4237697571516,-71.0903318971395,464 Salem Street,"",Medford,MA,02155,US,7813919409,"","",EST,"",Active
M.E. Auto Accessories,"",M.E. Auto Accessories,42.4224815,-71.09198,425 Salem St,"",Medford,MA,02155,US,3392215440,"","",EST,"",Active
Play Academy,"",Play Academy,42.4175430089235,-71.1075295507908,65 Riverside Ave,"",Medford,MA,02155,US,7813930022,"","",EST,"",Active
Citizens Bank,"",Citizens Bank,42.4214087426662,-71.1338507384062,501 High St,"",Medford,MA,02155,US,7816480885,"","",EST,"",Active
Prime Time Cutz,"",Prime Time Cutz,42.4181029200554,-71.1097645014524,14 Main St,"",Medford,MA,02155,US,7813912678,"","",EST,"",Active
David Ladner-Re/Max Andrew Realty Services,"",David Ladner-Re/Max Andrew Realty Services,42.4182562,-71.1102167,12 High Street,"",Medford,MA,02155,US,7813957676,"","",EST,"",Active
Boston Airport Express,"",Boston Airport Express,42.3575793,-71.05277,30 Linden St,"",Medford,MA,02155,US,6174991919,"","",EST,"",Active
Cuddy Brothers,"",Cuddy Brothers,42.419395,-71.110994,17 Schoolhouse Rd,"",Medford,MA,02155,US,6178281028,"","",EST,"",Active
Gilbert Jason M,"",Gilbert Jason M,42.4160275608301,-71.1105993390083,101 Main Street,"",Medford,MA,02155,US,7813959916,"","",EST,"",Active
Lumiere,"",Lumiere,42.4050618,-71.0840558,3780 Mystic Valley Pkwy,"",Medford,MA,02155,US,6173000311,"","",EST,"",Active
Nina Nails,"",Nina Nails,42.4199771136045,-71.1009655147791,220 Salem St,"",Medford,MA,02155,US,7813060583,"","",EST,"",Active
Law Office of Chad DeForce,"",Law Office of Chad DeForce,42.4189028888941,-71.1125835031271,92 High St,"",Medford,MA,02155,US,7813955500,"","",EST,"",Active
Accent Banner,"",Accent Banner,42.4015197558854,-71.0998452517761,17 Locust St.,"",Medford,MA,02155,US,7813917300,"","",EST,"",Active
The Soul Shop,"",The Soul Shop,42.4148216,-71.1110764,141r Main St,"",Medford,MA,02155,US,,"","",EST,"",Active
All Truck and Equipment,"",All Truck and Equipment,42.4140407145023,-71.109316572547,26 Mystic Ave,"",Medford,MA,02155,US,8007288770,"","",EST,"",Active
Team Fabbri Real Estate,"",Team Fabbri Real Estate,42.4209785,-71.0988159,284 Salem St,"",Medford,MA,02155,US,6179661638,"","",EST,"",Active
"Turner Ian M, DDS","","Turner Ian M, DDS",42.4174142628908,-71.1065082997084,1 City Hall Mall,"",Medford,MA,02155,US,7813958998,"","",EST,"",Active
Loconte Rink,"",Loconte Rink,42.4080506070753,-71.0941869020462,97 Locust St,"",Medford,MA,02155,US,,"","",EST,"",Active
Home Buddies,"",Home Buddies,42.4139461666346,-71.113642975688,13 College Ave,"",Medford,MA,02155,US,7813961943,"","",EST,"",Active
Medford-Citi Auto Body & Repair,"",Medford-Citi Auto Body & Repair,42.4095612,-71.0926437,35-37 Locust St,"",Medford,MA,02155,US,7813913446,"","",EST,"",Active
Adam's Hardwood Floors,"",Adam's Hardwood Floors,42.4100388586521,-71.1069709807634,15 Crescent St,"",Medford,MA,02155,US,7813910536,"","",EST,"",Active
Bargain Spot Liquors,"",Bargain Spot Liquors,42.4210151284933,-71.1311745643616,440 High St,"",Medford,MA,02155,US,7813951962,"","",EST,"",Active
Penske Truck Rental,"",Penske Truck Rental,42.4111251533031,-71.0887111723423,436 Riverside Ave,"",Medford,MA,02155,US,7813967272,"","",EST,"",Active
St Joseph's Nursery School,"",St Joseph's Nursery School,42.4190597981215,-71.1160663515329,2520 Mystic Valley Parkway,"",Medford,MA,02155,US,7813957780,"","",EST,"",Active
Maximum Fitness,"",Maximum Fitness,42.4100304,-71.1102905,255 A Main St,"",Medford,MA,02155,US,7815726303,"","",EST,"",Active
Evans Construction,"",Evans Construction,42.415451,-71.0939865,100 Magoun Ave,"",Medford,MA,02155,US,7813931819,"","",EST,"",Active
O'neil Robert L,"",O'neil Robert L,42.4191784858704,-71.1190489679575,2424 Mystic Valley Parkway,"",Medford,MA,02155,US,7813962773,"","",EST,"",Active
Lisa Swasey Hairstylist,"",Lisa Swasey Hairstylist,42.399351,-71.1026948,545 Main St,"",Medford,MA,02155,US,7818740573,"","",EST,"",Active
Medford Public Library,"",Medford Public Library,42.4194165319204,-71.1134485155344,111 High St,"",Medford,MA,02155,US,7813957950,"","",EST,"",Active
Piercing Pagoda,"",Piercing Pagoda,42.4070663452148,-71.0921783447266,3850 Mystic Valley Parkway,"",Medford,MA,02155,US,7813934355,"","",EST,"",Active
Blaze,"",Blaze,42.4057579,-71.0936737,3850 Mystic Valley Pkwy,"",Medford,MA,02155,US,7813964444,"","",EST,"",Active
Tufts University-Medford Somerville Campus,"",Tufts University-Medford Somerville Campus,42.4057593941689,-71.1194197833538,38 Professors Row,"",Medford,MA,02155,US,,"","",EST,"",Active
Marcou Jewelers,"",Marcou Jewelers,42.4057579,-71.0936737,3850 Mystic Valley Parkway,"",Medford,MA,02155,US,7813952040,"","",EST,"",Active
"Mostone Edward J, DPM","","Mostone Edward J, DPM",42.4224815,-71.09198,425 Salem St,"",Medford,MA,02155,US,7813968737,"","",EST,"",Active
St Clement's Parish-Somerville,"",St Clement's Parish-Somerville,42.402813,-71.1139832,579 Boston Avenue,"",Medford,MA,02155,US,7813935600,"","",EST,"",Active
Gold's Gym,"",Gold's Gym,42.405393,-71.084045,4000 Mystic Valley Pkwy,"",Medford,MA,02155,US,7813964653,"","",EST,"",Active
Bostonian Car Care,"",Bostonian Car Care,42.4064789,-71.1027298,243 Mystic Avenue,"",Medford,MA,02155,US,7813959090,"","",EST,"",Active
Cks Interiors,"",Cks Interiors,42.4048119,-71.0882797,4000 Mystic Valley Parkway,"",Medford,MA,02155,US,7813954131,"","",EST,"",Active
Crowley's Concepts,"",Crowley's Concepts,42.4124413,-71.0790024,281 Middlesex Ave,"",Medford,MA,02155,US,7813963990,"","",EST,"",Active
The Clarence 'Ding' Dussault Track & Field Complex,"",The Clarence 'Ding' Dussault Track & Field Complex,42.4081116,-71.1158676,161 College Ave,"",Medford,MA,02155,US,6176275005,"","",EST,"",Active
Main Street Jewelers,"",Main Street Jewelers,42.4057121,-71.1083603,363 Main St,"",Medford,MA,02155,US,7813954954,"","",EST,"",Active
Pure Hockey,"",Pure Hockey,42.4186272919178,-71.1069394648075,70 Salem St,"",Medford,MA,02155,US,7813914071,"","",EST,"",Active
Basema Shalhoub Real Estate,"",Basema Shalhoub Real Estate,42.4109937250614,-71.0921806097031,375 Riverside Ave,"",Medford,MA,02155,US,6178775573,"","",EST,"",Active
Cecil N Marchionne Insurance Agency,"",Cecil N Marchionne Insurance Agency,42.4009285,-71.1045151,506 Main St,"",Medford,MA,02155,US,7813917100,"","",EST,"",Active
Kristina's Market,"",Kristina's Market,42.4100382,-71.0851609,502 Riverside Ave,"",Medford,MA,02155,US,7813955425,"","",EST,"",Active
CVS Pharmacy,"",CVS Pharmacy,42.405574798584,-71.0830535888672,590 Fellsway,"",Medford,MA,02155,US,7813915150,"","",EST,"",Active
Advanced Construction Company,"",Advanced Construction Company,42.4105457961559,-71.0910024493933,23 Linden St,"",Medford,MA,02155,US,7813952100,"","",EST,"",Active
PCX,"",PCX,42.4057579,-71.0936737,3850 Mystic Valley Pkwy,"",Medford,MA,02155,US,7813934546,"","",EST,"",Active
Patrick Holloway Photography,"",Patrick Holloway Photography,42.3998108,-71.1070328,41 Albion St,"",Medford,MA,02155,US,7819603127,"","",EST,"",Active
Express Remodeling Group,"",Express Remodeling Group,42.4140856415033,-71.125670671463,245A Boston Ave,"",Medford,MA,02155,US,7817231426,"","",EST,"",Active
Autopart International,"",Autopart International,42.4031596630812,-71.1017232388258,96 Hicks Avenue,"",Medford,MA,02155,US,7813959993,"","",EST,"",Active
White's Plumbing & Heating,"",White's Plumbing & Heating,42.4332085,-71.1008682,687 Fellsway W,"",Medford,MA,02155,US,7813968877,"","",EST,"",Active
Temple Shalom-Medford Jewish Community Center,"",Temple Shalom-Medford Jewish Community Center,42.4270641803741,-71.1252146959305,475 Winthrop Street,"",Medford,MA,02155,US,7813963262,"","",EST,"",Active
Thompson Plumbing,"",Thompson Plumbing,42.416101321578,-71.0844390839338,1011 Fellsway,"",Medford,MA,02155,US,7813914169,"","",EST,"",Active
Edelweiss Patisserie,"",Edelweiss Patisserie,42.408535,-71.0895996,19 Blake St,"",Medford,MA,02155,US,7816280225,"","",EST,"",Active
Paulo's Plumbing,"",Paulo's Plumbing,42.4148034,-71.128292,23 Stoughton St,"",Medford,MA,02155,US,7815893461,"","",EST,"",Active
Cejay's Special Delivery Service,"",Cejay's Special Delivery Service,42.421186119318,-71.1305891722441,425 High St,"",Medford,MA,02155,US,7813957030,"","",EST,"",Active
St Raphael Parish,"",St Raphael Parish,42.4210701,-71.1347275,516 High Street,"",Medford,MA,02155,US,7814831139,"","",EST,"",Active
Victory Taxi,"",Victory Taxi,42.4013793468475,-71.0975135117769,407 R Mystic Ave,"",Medford,MA,02155,US,7813913730,"","",EST,"",Active
Planet Fitness - Medford,"",Planet Fitness - Medford,42.409575,-71.084554,696 Fellsway Plz,"",Medford,MA,02155,US,7812195275,"","",EST,"",Active
"Boston Hub Real Estate, Inc.","","Boston Hub Real Estate, Inc.",42.4064245820045,-71.0809689760208,121 Middlesex Ave,"",Medford,MA,02155,US,7813958900,"","",EST,"",Active
Outdoor Explorations,"",Outdoor Explorations,42.399559,-71.109314,98 Winchester St,"",Medford,MA,02155,US,7813954999,"","",EST,"",Active
Daisy's Dad,"",Daisy's Dad,42.410378,-71.144617,Tuft's Park,"",Medford,MA,02155,US,6175133616,"","",EST,"",Active
JW'S Barber Shop,"",JW'S Barber Shop,42.4140856415033,-71.125670671463,245 Boston Ave,"",Medford,MA,02155,US,7813951045,"","",EST,"",Active
U-Call We Haul,"",U-Call We Haul,42.4204216,-71.1416779,3 Jerome St,"",Medford,MA,02155,US,7814833360,"","",EST,"",Active
H & R Block,"",H & R Block,42.4034277598063,-71.0819822947184,10 Earhart Landing,"",Medford,MA,02155,US,7813912125,"","",EST,"",Active
